Report:

--------------------------------------------------

Duplicate email: adnarel and araxus (jman@tnp.com)

Duplicate email: conman and claveman (sjc@umr.edu)

Duplicate email: drizzt and drizzti (drizzt@shadowlands.com)

Duplicate email: enforcer and hero (ettung@xnet.com)

Duplicate email: jastor and og (jalbers@marlin.utmb.edu)

Duplicate email: konjire and coden (prop@compumedia.com)

Duplicate email: laz and glitch (yohnk@vms.ocom.okstate.edu)

Duplicate email: mortdred and cravex (mkine@ix.netcom.com)

Duplicate email: miphnik and kelfine (kelfine@soho.ios.com)

Duplicate email: nothing and temp (???@0)

Duplicate email: shixxim and eshylon (kevinlb@gate.net)

Duplicate email: sagan and kelfine (kelfine@soho.ios.com)

Report:

--------------------------------------------------

Duplicate email: adnarel and araxus (jman@tnp.com)

Duplicate email: baltekk and zak (user@host)

Duplicate email: cooled and zak (user@host)

Duplicate email: coold and zak (user@host)

Duplicate email: cool and zak (user@host)

Duplicate email: conman and claveman (sjc@umr.edu)

Duplicate email: drizzt and drizzti (drizzt@shadowlands.com)

Duplicate email: evilone and zak (user@host)

Duplicate email: enforcer and hero (ettung@xnet.com)

Duplicate email: jastor and og (jalbers@marlin.utmb.edu)

Duplicate email: konjire and coden (prop@compumedia.com)

Duplicate email: laz and glitch (yohnk@vms.ocom.okstate.edu)

Duplicate email: mortdred and cravex (mkine@ix.netcom.com)

Duplicate email: miphnik and kelfine (kelfine@soho.ios.com)

Duplicate email: nothing and temp (???@0)

Duplicate email: shixxim and eshylon (kevinlb@gate.net)

Duplicate email: sagan and kelfine (kelfine@soho.ios.com)

Duplicate email: thoran and zak (user@host)

Duplicate email: tanis and zak (user@host)

Duplicate email: youngbull and zak (user@host)

Report:

--------------------------------------------------

Duplicate email: araxusi and araxustest (jman@bbs.tnp.com)

Duplicate email: aethergayn and aethergayne (tminniear@alpha.albion.edu)

Duplicate email: blob and bonsai (frodo@rnima.swb.de)

Duplicate email: cooled and baltekk (user@host)

Duplicate email: coold and baltekk (user@host)

Duplicate email: cool and baltekk (user@host)

Duplicate email: codex and cypher (ersimont@u.washington.edu)

Duplicate email: claveman and conman (sjc@umr.edu)

Duplicate email: duridian and duridiani (kmcdonne@ic.sunysb.edu)

Duplicate email: dread and dreadi (plin@cs.stanford.edu)

Duplicate email: dranged and axl (a@b)

Duplicate email: evilone and baltekk (user@host)

Duplicate email: ertic and ahrmin (ertic@mich.com)

Duplicate email: edge and dagger (maynshan@ba.isu.edu)

Duplicate email: freya and azhrarn (1495771@student.anu.edu.au)

Duplicate email: flick and bloompire (wizard@merlin.ebicom.net)

Duplicate email: falrod and flamer (turner@ldd.net)

Duplicate email: grakzen and beorn (AJ_Kerrigan@hths.mcvsd.k12.nj.us)

Duplicate email: godboy and flamer (turner@ldd.net)

Duplicate email: geldron and death (geldron@mud.tvi.cc.nm.us)

Duplicate email: huricane and hurricane (hrobins@acs5.gac.peachnet.edu)

Duplicate email: hero and enforcer (ettung@xnet.com)

Duplicate email: ishamael and aziel (baal@mo.net)

Duplicate email: justin and empedocles (me@me)

Duplicate email: jhaelryna and cora (lek01@uow.edu.au)

Duplicate email: kyrill and ganymede (jrouse@clark.net)

Duplicate email: ktrina and ahrmin (ertic@mich.com)

Duplicate email: konjire and coden (prop@compumedia.com)

Duplicate email: kojiro and kojirol (gandulf@compumedia.com)

Duplicate email: keel and cypher (ersimont@u.washington.edu)

Duplicate email: karl and elric (JAWEISS@hcacad.holycross.edu)

Duplicate email: kanador and ahrmin (ertic@mich.com)

Duplicate email: kalos and bloodlust (none@none)

Duplicate email: legolas and faramir (rkitchen@erols.com)

Duplicate email: laz and glitch (yohnk@vms.ocom.okstate.edu)

Duplicate email: lahamar and lahamer (aaronbpt@ix.netcom.com)

Duplicate email: mythus and draz (keri@i1.net)

Duplicate email: mushroom and fungus (elin@helios.ucsc.edu)

Duplicate email: murmur and aziel (baal@mo.net)

Duplicate email: morwena and hysteria (lore@tattoo.ed.ac.uk)

Duplicate email: mortdred and cravex (mkine@ix.netcom.com)

Duplicate email: moonbear and flamer (turner@ldd.net)

Duplicate email: miphnik and kelfine (kelfine@soho.ios.com)

Duplicate email: mgorem and ahrmin (ertic@mich.com)

Duplicate email: melkor and ashen (ursulins@enoreo.ca)

Duplicate email: maxwellii and drakon (dbb@access.mountain.net)

Duplicate email: maxwelli and drakon (dbb@access.mountain.net)

Duplicate email: maxwell and drakon (dbb@access.mountain.net)

Duplicate email: martel and draz (keri@i1.net)

Duplicate email: mars and cyric (void@rrnet.com)

Duplicate email: malkavian and lestat (skoenig@lightspeed.net)

Duplicate email: magyar and antal (giljum@usa.pipeline.com)

Duplicate email: macbeth and highbinder (hibinder@rogerswave.ca)

Duplicate email: nytefyre and nytemyst (rfogle@mail.ionet.net)

Duplicate email: northwind and ash (ash@atomic.com)

Duplicate email: norland and dogfish (dogfish@deltanet.com)

Duplicate email: nogard and nwrath (warlocke@rrnet.com)

Duplicate email: nix and nurgle (haden@usa.pipeline.com)

Duplicate email: nivloc and arioch (gcolvin@umr.edu)

Duplicate email: nitemare and belgarath (Bruce.Marshall@mail.prostar.com)

Duplicate email: nighthawk and crow (s9614605@babel.ee.up.ac.za)

Duplicate email: nevin and nevini (yasumura@leland.stanford.edu)

Duplicate email: neptune and blial (aty@u.washington.edu)

Duplicate email: nastorrian and bloodlust (none@none)

Duplicate email: nahaz and belgarath (Bruce.Marshall@mail.prostar.com)

Duplicate email: nagash and isha (howardse@pendleton.usmc.mil)

Duplicate email: nadia and glorfindel (wolf@hub.ofthe.net)

Duplicate email: orgrim and bloodlusty (adatkd@rrnet.com)

Duplicate email: olgad and lal (max@northlink.com)

Duplicate email: olb and nevyn (uno@netg.se)

Duplicate email: oasis and chance (derek@midwest.net)

Duplicate email: propane and maarek (tomscott@rica.net)

Duplicate email: predator and draz (keri@i1.net)

Duplicate email: prankster and calvin (cfong@zoom.com)

Duplicate email: plasma and grinder (billings@minot.ndak.net)

Duplicate email: pirotessa and nevini (yasumura@leland.stanford.edu)

Duplicate email: pelinor and myst (pyro@aloha.net)

Duplicate email: panku and bloodlust (none@none)

Duplicate email: quinn and kolchin (havok55@aol.com)

Duplicate email: quickfire and beorn (AJ_Kerrigan@hths.mcvsd.k12.nj.us)

Duplicate email: rosilynne and morgf (dadelus@lightside.com)

Duplicate email: rokon and doomday (dp5964wo@snyfarvg.cc.farmingdale.edu)

Duplicate email: ringnar and kerosion (carcass@west.net)

Duplicate email: rimmer and aziel (baal@mo.net)

Duplicate email: rick and ross (tig@basinlink.com)

Duplicate email: richard and celos (tonyb@rosenet.com)

Duplicate email: red and myst (pyro@aloha.net)

Duplicate email: rare and busy (smuth001@freenet.edmonton.ab.ca)

Duplicate email: rancor and hellbender (dstone@iris.dissvcs.uga.edu)

Duplicate email: ragnor and flute (chorvat@uoft02.utoledo.edu)

Duplicate email: raan and ganymede (jrouse@clark.net)

Duplicate email: syrac and bloodlust (none@none)

Duplicate email: susaki and kojirol (gandulf@compumedia.com)

Duplicate email: steen and ross (tig@basinlink.com)

Duplicate email: sparx and cimmerian (nino@dat.ruc.dk)

Duplicate email: sparky and chance (derek@midwest.net)

Duplicate email: sossity and morgf (dadelus@lightside.com)

Duplicate email: snoppett and pata (m94nikb@chalmers.se)

Duplicate email: sirrion and klassh (daemon2001@aol.com)

Duplicate email: sinise and busy (smuth001@freenet.edmonton.ab.ca)

Duplicate email: silk and sunem (donna482@freenet.edmonton.ab.ca)

Duplicate email: shixxim and eshylon (kevinlb@gate.net)

Duplicate email: shiadar and draklar (frl@ubunix.buffalo.edu)

Duplicate email: shea and bloompire (wizard@merlin.ebicom.net)

Duplicate email: shanus and lanson (melanie_taylor@eee.org)

Duplicate email: shadowen and draklar (frl@ubunix.buffalo.edu)

Duplicate email: shadowblade and lasher (jpm@brigadoon.com)

Duplicate email: shadowbane and jander (eleeb4d@menudo.uh.edu)

Duplicate email: shadow and shadowman (andyth@aol.com)

Duplicate email: scouter and caslor (starman@mag-net.co.uk)

Duplicate email: sam and bonsai (frodo@rnima.swb.de)

Duplicate email: salamin and firme (Blacky@netcom.com)

Duplicate email: sagan and kelfine (kelfine@soho.ios.com)

Duplicate email: tylian and lal (max@northlink.com)

Duplicate email: triock and herem (sca00033@wvnvm.wvnet.edu)

Duplicate email: toshiro and busy (smuth001@freenet.edmonton.ab.ca)

Duplicate email: torak and agni (howl@usa1.com)

Duplicate email: thorin and beorn (AJ_Kerrigan@hths.mcvsd.k12.nj.us)

Duplicate email: thoran and baltekk (user@host)

Duplicate email: testz and geldrontest (test@test.com)

Duplicate email: testx and geldrontest (test@test.com)

Duplicate email: testk and geldrontest (test@test.com)

Duplicate email: testcre and sunshine (smcdanie@marlin.utmb.edu)

Duplicate email: testc and geldrontest (test@test.com)

Duplicate email: testb and geldrontest (test@test.com)

Duplicate email: testa and geldrontest (test@test.com)

Duplicate email: test and geldrontest (test@test.com)

Duplicate email: telon and kaha (cbegg@actrix.gen.nz)

Duplicate email: teg and bloodlust (none@none)

Duplicate email: tanis and baltekk (user@host)

Duplicate email: talynae and sedjira (jbkent@imap2.asu.edu)

Duplicate email: talyn and morpheus (morpheus@bev.net)

Duplicate email: talslan and finious (finious@pheonixat.com)

Duplicate email: talos and shinma (talon@hub.ofthe.net)

Duplicate email: talon and lanson (melanie_taylor@eee.org)

Duplicate email: taler and ganymede (jrouse@clark.net)

Duplicate email: tainar and ross (tig@basinlink.com)

Duplicate email: tabliln and tagdulch (eidel@critpath.org)

Duplicate email: uriel and tsukiyomi (mdean@earthlink.net)

Duplicate email: ultrax and komak (splat@aim.novasys.com)

Duplicate email: void and grinder (billings@minot.ndak.net)

Duplicate email: vicothnic and snobben (m94nikb@mtek.chalmers.se)

Duplicate email: vestrivan and archangel (falcon@fuse.net)

Duplicate email: vander and dagger (maynshan@ba.isu.edu)

Duplicate email: winterkiss and dana (ceinwen@iglou.com)

Duplicate email: windmage and wingmage (ycao01@barney.poly.edu)

Duplicate email: whyte and tyme (daguhr@cs.twsu.edu)

Duplicate email: who and axl (a@b)

Duplicate email: whisper and brianna (Brianna@softdisk.com)

Duplicate email: wedge and rage (gdj@umr.edu)

Duplicate email: xypherila and bloodletter (jthurlow@sei-it.com)

Duplicate email: xypher and bloodletter (jthurlow@sei-it.com)

Duplicate email: xyph and bloodletter (jthurlow@sei-it.com)

Duplicate email: xyp and empedocles (me@me)

Duplicate email: xunt and geldrontest (test@test.com)

Duplicate email: xas and bloodlust (none@none)

Duplicate email: xanthor and davram (ccd3230@zeus.tamu.edu)

Duplicate email: yrkoon and arioch (gcolvin@umr.edu)

Duplicate email: youngbull and baltekk (user@host)

Duplicate email: yatji and jacen (howzetr@datasync.com)

Duplicate email: zith and lilia (spruill@ion1.ionet.net)

Duplicate email: zapp and duridiani (kmcdonne@ic.sunysb.edu)

Duplicate email: zak and baltekk (user@host)

